Mon, 01/19/2026 - 00:00 to 23:00 - MLK Day
Tue, 12/23/2025 - 17:00 to Tue, 01/06/2026 - 09:00 - CEC OFFICE CLOSED
Tue, 12/23/2025 - 00:30 to 15:00 - Food Distribution
Mon, 12/22/2025 - 08:00 to Tue, 12/23/2025 - 17:00 - CEC OFFICE REMOTE ONLY
Fri, 12/19/2025 - 12:30 to 15:00 - Food Distribution
Fri, 12/12/2025 - 16:00 to Sat, 12/13/2025 - 12:30 - Breakfast with Santa
Fri, 12/12/2025 - 12:00 to Sat, 12/13/2025 - 12:00 - Santa Run - Lights of Hope 5k
Tue, 12/09/2025 - 11:00 to Wed, 12/10/2025 - 11:00 - Snacks for Scholars
Thu, 12/04/2025 - 12:00 to 15:30 - Empty Bowl Project- CEC
Tue, 12/02/2025 - 15:00 to 17:00 - CatLife Office Hours
Fri, 11/28/2025 - 09:00 to 11:00 - Campus Garden- Workday
Wed, 11/26/2025 - 08:00 to Fri, 11/28/2025 - 20:00 - Thanksgiving Break
Tue, 11/25/2025 - 13:30 to 15:00 - Campus Garden- Harvest
Tue, 11/25/2025 - 12:30 to 15:00 - Food Distribution
Mon, 11/24/2025 - 06:30 - Turkey Distribution
Fri, 11/21/2025 - 19:00 - HHAW - Rotaract Club Meeting Writing Cards
Fri, 11/21/2025 - 12:30 to 15:00 - Food Distribution
Fri, 11/21/2025 - 09:00 to 12:00 - MVPGR: Clear the Cocklebur 
Fri, 11/21/2025 - 09:00 to 11:00 - Campus Garden- Workday
Thu, 11/20/2025 - 16:30 to 18:30 - HHAW - Empty Bowl Project & Trivia Night 
Thu, 11/20/2025 - 12:00 to 14:00 - HHAW - Health Promotion Open House
Wed, 11/19/2025 - 12:00 to 15:00 - HHAW - Care Package Creation & Resource Fair
Wed, 11/19/2025 - 11:30 to 15:30 - HHAW - BSRC Collab- Care Packages
Tue, 11/18/2025 - 13:30 to 15:00 - Campus Garden- Harvest
Tue, 11/18/2025 - 11:00 to 13:00 - HHAW - Cards of Care
Mon, 11/17/2025 - 18:00 to 19:00 - HHAW - General Body Meeting: Food Resources & Support
Mon, 11/17/2025 - 17:00 to 19:00 - HHAW - Rooted in Resilience
Mon, 11/17/2025 - 09:00 to Tue, 11/18/2025 - 17:00 - HHAW - Gratitude Cards for Community
Sun, 11/16/2025 - 00:00 to Sat, 11/22/2025 - 23:45 - Hunger and Homelessness Awareness Week
Tue, 11/11/2025 - 13:30 to 15:30 - Campus Garden- Harvest
Mon, 11/10/2025 - 17:30 to 19:30 -  Smile Bag Decoration - Operation Smile Club
Sun, 11/09/2025 - 06:45 - Rotaract 5k/10k Run for the Fallen
Sat, 11/08/2025 - 10:00 to 15:00 - Grill and Give (BCB, Business Society, DSP and BSU)
Fri, 11/07/2025 - 09:00 to Sun, 11/16/2025 - 16:00 - Merced Field of Honor Volunteer Opportunities
Fri, 11/07/2025 - 09:00 to 11:00 - Campus Garden- Workday
Wed, 11/05/2025 - 17:30 to 18:30 - November PSAs
Tue, 11/04/2025 - 14:30 to 16:30 - Bag Decorating with Bobcat Community Builders
Tue, 11/04/2025 - 13:30 to 15:30 - Campus Garden- Harvest
Fri, 10/31/2025 - 16:00 to 20:00 - Harvest Carnival
Fri, 10/31/2025 - 09:00 to 11:00 - Campus Garden- Workday
Thu, 10/30/2025 - 11:00 to 14:00 - Nightmare on KL Street - Open House
Wed, 10/29/2025 - 12:00 to 14:00 - CatLife Office Hours
Tue, 10/28/2025 - 13:30 to 15:00 - Campus Garden- Harvest
Sat, 10/25/2025 - 13:45 to 17:00 - Downtown Merced Trick or Treat Street
Fri, 10/24/2025 - 17:30 to Sun, 10/26/2025 - 19:30 - Zoo Boo
Fri, 10/24/2025 - 17:15 to 20:00 - Trunk or Treat with Dignity Health
Fri, 10/24/2025 - 16:00 to 21:30 - Halloween Dance/ Party
Fri, 10/24/2025 - 09:00 to 11:00 - Campus Garden- Workday
Thu, 10/23/2025 - 11:30 to 13:00 - Moving Forward, Fighting Back: Community Conversation Series — Merced
Wed, 10/22/2025 - 12:30 to 15:00 - Food Distribution
Tue, 10/21/2025 - 13:30 to 15:00 - Campus Garden- Harvest
Mon, 10/20/2025 - 17:30 to 19:30 - Operation Smile Club x ResEd Friendship Bracelet Service
Sat, 10/18/2025 - 15:30 - Zombie Bike Ride
Sat, 10/18/2025 - 10:00 to 17:00 - Merced Nut Festival
Fri, 10/17/2025 - 12:30 to 15:30 - Food Distribution
Fri, 10/17/2025 - 09:00 to 11:00 - Campus Garden- Workday
Tue, 10/14/2025 - 13:30 to 15:00 - Campus Garden- Harvest
Sat, 10/11/2025 - 11:00 to 19:00 - Fil Fiesta 559
Fri, 10/10/2025 - 09:00 to 11:00 - Campus Garden- Workday
Thu, 10/09/2025 - 15:00 to Sat, 10/11/2025 - 18:00 -  Pan Valley Institute Encuentro 2025
Tue, 10/07/2025 - 13:30 to 15:00 - Campus Garden- Harvest
Mon, 10/06/2025 - 17:00 to 18:00 - October PSAs
Sat, 10/04/2025 - 09:30 - Walk To End Alzheimer's Disease
Fri, 10/03/2025 - 09:00 to 11:00 - Campus Garden- Workday
Tue, 09/30/2025 - 13:30 to 15:00 - Campus Garden- Harvest
Mon, 09/29/2025 - 17:30 to 20:30 - Operation Smile Club: Card Making Event
Sun, 09/28/2025 - 06:00 - Yosemite Facelift 2025
Fri, 09/26/2025 - 09:00 to 11:00 - Campus Garden- Workday
Thu, 09/25/2025 - 18:00 to 20:00 - Bobcat Community Builders- D St. Shelter
Wed, 09/24/2025 - 12:30 to 15:00 - Food Distribution
Tue, 09/23/2025 - 16:00 to 17:00 - Alternative Spring Break 2026 Info Session
Tue, 09/23/2025 - 13:30 to 15:00 - Campus Garden- Harvest
Sat, 09/20/2025 - 09:00 to 11:00 - Fahrens Park Clean-Up
Sat, 09/20/2025 - 08:00 to 11:00 - Kind Neighbor Farmers Market
Fri, 09/19/2025 - 12:30 to 15:00 - Food Distribution
Fri, 09/19/2025 - 09:00 - Yosemite Facelift Registration (In-person) 
Fri, 09/19/2025 - 09:00 to 11:00 - Campus Garden- Workday
Thu, 09/18/2025 - 15:00 to 19:00 - Valley Onward: Health Fair
Thu, 09/18/2025 - 14:00 to 15:00 - Alternative Spring Break 2026 Info Session
Wed, 09/17/2025 - 10:00 to 14:00 - Community Partner Jamboree
Wed, 09/17/2025 - 07:30 to 12:30 - Kind Neighbor Farmers Market
Tue, 09/16/2025 - 13:30 to 15:00 - Campus Garden- Harvest
Mon, 09/15/2025 - 12:00 to 13:00 - Alternative Spring Break 2026 Info Session
Sat, 09/13/2025 - 08:00 to 11:00 - Kind Neighbor Farmers Market
Fri, 09/12/2025 - 09:00 to 11:00 - Campus Garden- Workday
Thu, 09/11/2025 - 12:00 to 13:00 - Alternative Spring Break 2026 Info Session
Tue, 09/09/2025 - 13:30 to 15:00 - Campus Garden- Harvest
Sat, 09/06/2025 - 08:00 to 11:00 - Kind Neighbor Farmers Market
Fri, 09/05/2025 - 10:00 to 11:00 - Alternative Spring Break 2026 Info Session
Fri, 09/05/2025 - 09:00 to 11:00 - Campus Garden- Workday
Thu, 09/04/2025 - 14:00 to 15:00 - Lift While You Lead Info Session
Wed, 09/03/2025 - 17:00 - September PSAs
Wed, 09/03/2025 - 13:00 to 14:00 - Lift While You Lead Info Session
Wed, 09/03/2025 - 12:00 to 13:00 - Alternative Spring Break 2026 Info Session
Wed, 09/03/2025 - 10:30 to 11:30 - Lift While You Lead Info Session
Wed, 09/03/2025 - 07:30 to 12:30 - Kind Neighbor Farmers Market
Tue, 09/02/2025 - 13:30 to 15:00 - Campus Garden- Harvest
Tue, 09/02/2025 - 12:00 to 13:00 - Lift While You Lead Info Session
Sat, 08/30/2025 - 08:00 to 11:00 - Kind Neighbor Farmers Market
Fri, 08/29/2025 - 10:00 to 11:00 - Alternative Spring Break 2026 Info Session
Wed, 08/27/2025 - 12:00 to 13:00 - Alternative Spring Break 2026 Info Session
Sat, 08/23/2025 - 08:00 to 11:00 - Kind Neighbor Farmers Market
Fri, 08/22/2025 - 09:00 to 10:00 - Community Partner Jamboree Info Session
Wed, 08/20/2025 - 15:00 to 16:00 - Community Partner Jamboree Info Session
Wed, 08/20/2025 - 07:30 to 12:30 - Kind Neighbor Farmers Market
Tue, 08/19/2025 - 12:00 to 13:00 - Community Partner Jamboree Info Session
Sat, 08/16/2025 - 08:00 to 11:00 - Kind Neighbor Farmers Market
Sat, 08/09/2025 - 08:00 to 11:00 - Kind Neighbor Farmers Market
Thu, 08/07/2025 - 15:30 to 16:30 - Kid Classes
Wed, 08/06/2025 - 15:30 to 16:30 - Kid Classes
Wed, 08/06/2025 - 11:00 to 12:00 - Kid Classes
Wed, 08/06/2025 - 07:30 to 12:30 - Kind Neighbor Farmers Market
Tue, 08/05/2025 - 15:30 to 16:30 - Kid Classes
Mon, 08/04/2025 - 15:30 to 16:30 - Kid Classes
Sat, 08/02/2025 - 08:00 to 11:00 - Kind Neighbor Farmers Market
Thu, 07/31/2025 - 15:30 to 16:30 - Kid Classes
Wed, 07/30/2025 - 15:30 to 16:30 - Kid Classes
Wed, 07/30/2025 - 11:00 to 12:00 - Kid Classes
Tue, 07/29/2025 - 15:30 to 16:30 - Kid Classes
Mon, 07/28/2025 - 15:30 to 16:30 - Kid Classes
Sat, 07/26/2025 - 08:00 to 11:00 - Kind Neighbor Farmers Market
Thu, 07/24/2025 - 15:30 to 16:30 - Kid Classes
Wed, 07/23/2025 - 15:30 to 16:30 - Kid Classes
Wed, 07/23/2025 - 11:00 to 12:00 - Kid Classes
Wed, 07/23/2025 - 07:30 to 12:30 - Kind Neighbor Farmers Market
Tue, 07/22/2025 - 15:30 to 16:30 - Kid Classes
Mon, 07/21/2025 - 15:30 to 16:30 - Kid Classes
Sat, 07/19/2025 - 08:00 to 11:00 - Kind Neighbor Farmers Market
Thu, 07/17/2025 - 15:30 to 16:30 - Kid Classes
Wed, 07/16/2025 - 15:30 to 16:30 - Kid Classes
Wed, 07/16/2025 - 11:00 to 12:00 - Kid Classes
Tue, 07/15/2025 - 15:30 to 16:30 - Kid Classes
Mon, 07/14/2025 - 15:30 to 16:30 - Kid Classes
Sat, 07/12/2025 - 08:00 to 11:00 - Kind Neighbor Farmers Market
Thu, 07/10/2025 - 15:30 to 16:30 - Kid Classes
Wed, 07/09/2025 - 15:30 to 16:30 - Kid Classes
Wed, 07/09/2025 - 11:00 to 12:00 - Kid Classes
Wed, 07/09/2025 - 07:30 to 12:30 - Kind Neighbor Farmers Market
Tue, 07/08/2025 - 15:30 to 16:30 - Kid Classes
Mon, 07/07/2025 - 15:30 to 16:30 - Kid Classes
Sat, 07/05/2025 - 08:00 to 11:00 - Kind Neighbor Farmers Market
Thu, 07/03/2025 - 15:30 to 16:30 - Kid Classes
Wed, 07/02/2025 - 15:30 to 16:30 - Kid Classes
Wed, 07/02/2025 - 11:00 to 12:00 - Kid Classes
Tue, 07/01/2025 - 15:30 to 16:30 - Kid Classes
Mon, 06/30/2025 - 15:30 to 16:30 - Kid Classes
Sat, 06/28/2025 - 08:00 to 11:00 - Kind Neighbor Farmers Market
Thu, 06/26/2025 - 15:30 to 16:30 - Kid Classes
Wed, 06/25/2025 - 15:30 to 16:30 - Kid Classes
Wed, 06/25/2025 - 11:00 to 12:00 - Kid Classes
Wed, 06/25/2025 - 07:30 to 12:30 - Kind Neighbor Farmers Market
Tue, 06/24/2025 - 15:30 to 16:30 - Kid Classes
Mon, 06/23/2025 - 15:30 to 16:30 - Kid Classes
Sat, 06/21/2025 - 08:00 to 11:00 - Kind Neighbor Farmers Market
Thu, 06/19/2025 - 15:30 to 16:30 - Kid Classes
Wed, 06/18/2025 - 15:30 to 16:30 - Kid Classes
Wed, 06/18/2025 - 11:00 to 12:00 - Kid Classes
Tue, 06/17/2025 - 15:30 to 16:30 - Kid Classes
Mon, 06/16/2025 - 15:30 to 16:30 - Kid Classes
Sat, 06/14/2025 - 08:45 to 11:00 - McKee Bridge Clean-up
Sat, 06/14/2025 - 08:00 to 11:00 - Kind Neighbor Farmers Market
Thu, 06/12/2025 - 15:30 to 16:30 - Kid Classes
Wed, 06/11/2025 - 16:00 to 17:00 - Kid Classes
Wed, 06/11/2025 - 15:30 to 16:30 - Kid Classes
Wed, 06/11/2025 - 07:30 to 12:30 - Kind Neighbor Farmers Market
Tue, 06/10/2025 - 15:30 to 16:30 - Kid Classes
Mon, 06/09/2025 - 15:30 to 16:30 - Kid Classes
Mon, 06/09/2025 - 08:00 to Fri, 08/08/2025 - 16:00 - Kids Discovery Station
Sat, 06/07/2025 - 08:00 to 11:00 - Kind Neighbor Farmers Market
Thu, 06/05/2025 - 15:30 to 16:30 - Kid Classes
Sat, 05/31/2025 - 10:00 to 15:00 - A Family, A Fair 
Sat, 05/31/2025 - 09:00 to 11:00 - Joe Herb Park Clean-Up
Sat, 05/31/2025 - 08:00 to 11:00 - Kind Neighbor Farmers Market
Wed, 05/28/2025 - 12:30 to 15:00 - USDA Food Distribution
Wed, 05/28/2025 - 07:30 to 12:30 - Kind Neighbor Farmers Market
Sun, 05/25/2025 - 07:00 - El Capitan Classic 2025 at Fahrens Park
Sat, 05/24/2025 - 07:00 -  El Capitan Classic 2025 at Fahrens Park
Fri, 05/16/2025 - 12:30 to 15:00 - USDA Food Distribution
Sat, 05/03/2025 - 11:00 to 16:00 - THRIVE: Merced & Bobcat Community Builders
Thu, 05/01/2025 - 10:00 to 13:00 - NEW DATE: Sow it Forward - People's Garden
Sat, 04/26/2025 - 12:00 to Sun, 04/27/2025 - 12:00 - Earth Day at the Zoo
Fri, 04/25/2025 - 12:30 to 13:00 - USDA Food Distribution
Fri, 04/25/2025 - 09:00 to 11:00 - Campus Garden - Earth Day
Wed, 04/23/2025 - 18:00 to 19:15 - Operation Smile Club - Sort and Wrap Toys
Wed, 04/23/2025 - 12:30 to 15:00 - USDA Food Distribution
Fri, 04/18/2025 - 09:00 to 11:00 - Campus Garden
Fri, 04/18/2025 - 09:00 - Tree Planting at Lake Yosemite
Thu, 04/17/2025 - 11:30 to 17:00 - 2025 Junior Olympics Track and Field Meet
Thu, 04/17/2025 - 10:30 to 12:30 - Earth Day - Native Lily Salvage with MVPGR
Wed, 04/16/2025 - 11:30 to 17:00 - 2025 Junior Olympics Track and Field Meet
Tue, 04/15/2025 - 12:00 to 14:00 - Campus Orchard
Mon, 04/14/2025 - 10:00 - Bright Spark Info Session - Zoom
Sat, 04/12/2025 - 08:45 to 11:00 - BCYC Earth Day Event
Sat, 04/12/2025 - 08:00 to 16:00 - 2025 Week of the Young Child
Fri, 04/11/2025 - 13:00 - Bright Spark Info Session - Zoom
Fri, 04/11/2025 - 09:00 to 11:00 - Campus Garden
Thu, 04/10/2025 - 15:00 - Bright Spark Info Session - In Person
Wed, 04/09/2025 - 18:00 to 19:15 - Operation Smile Club - Card Making
Tue, 04/08/2025 - 12:00 to 14:00 - Campus Orchard
Sat, 04/05/2025 - 09:00 - Bobcats Give Back 2025
Sat, 04/05/2025 - 08:30 to 14:00 - ECEC - Garden Tea Party
Fri, 04/04/2025 - 17:00 - ECEC - Garden Tea Party Preparation
Fri, 04/04/2025 - 13:00 - Bright Spark Info Session - Zoom
Fri, 04/04/2025 - 12:00 to 14:00 - LAMBDA Alliance Letter Writing
Fri, 04/04/2025 - 09:00 to 11:00 - Campus Garden
Thu, 04/03/2025 - 16:30 to 18:00 - April PSAs
Wed, 04/02/2025 - 18:00 to 19:15 - Operation Smile Club - Toy Drive Box Making
Tue, 04/01/2025 - 12:00 to 14:00 - Campus Orchard
Sat, 03/29/2025 - 10:00 - McNamara Park Clean Up
Fri, 03/28/2025 - 14:00 to 19:00 - Playhouse Merced
Fri, 03/28/2025 - 09:00 to 11:00 - Campus Garden
Wed, 03/26/2025 - 12:30 - USDA Food Distribution
Tue, 03/25/2025 - 12:00 to 14:00 - Campus Orchard
Fri, 03/21/2025 - 12:30 - USDA Food Distribution
Fri, 03/21/2025 - 09:00 to 11:00 - Campus Garden
Tue, 03/18/2025 - 12:00 to 14:00 - Campus Orchard
Tue, 03/18/2025 - 09:00 to 12:00 - Save the Lilies
Fri, 03/14/2025 - 09:00 to 11:00 - Campus Garden
Fri, 03/14/2025 - 09:00 - Pioneer Elementary School - Read Across America
Tue, 03/11/2025 - 15:00 - Bright Spark Info Session - In Person
Tue, 03/11/2025 - 12:00 to 14:00 - Campus Orchard
Tue, 03/11/2025 - 11:00 to 14:00 - Cards of Encouragement for Womxn in Postpartum
Fri, 03/07/2025 - 23:00 - Deadline - UFC Community Service Award
Fri, 03/07/2025 - 13:30 to 15:30 - Cards for National Park Rangers
Fri, 03/07/2025 - 09:00 to 11:00 - Campus Garden
Thu, 03/06/2025 - 16:30 to 18:00 - March PSAs
Thu, 03/06/2025 - 08:30 to 09:30 - Read Across America Volunteering
Tue, 03/04/2025 - 14:00 - Public Service & Leadership Certificate Info Session
Tue, 03/04/2025 - 12:00 to 14:00 - Campus Orchard
Tue, 03/04/2025 - 09:00 to 14:30 - Read Across America Volunteering
Fri, 02/28/2025 - 14:00 to 19:00 - Playhouse Merced Volunteer
Fri, 02/28/2025 - 09:00 to 11:00 - Campus Garden
Wed, 02/26/2025 - 12:30 - USDA Food Distribution
Tue, 02/25/2025 - 16:00 - Public Service & Leadership Certificate Info Session
Tue, 02/25/2025 - 14:00 - Public Service & Leadership Certificate Info Session
Tue, 02/25/2025 - 12:00 to 14:00 - Campus Orchard
Mon, 02/24/2025 - 09:00 to 12:30 - Merced Vernal Pools and Grassland Reserve Clean-Up
Fri, 02/21/2025 - 12:30 - USDA Food Distribution
Fri, 02/21/2025 - 09:00 to 11:00 - Campus Garden
Thu, 02/20/2025 - 16:30 - Public Service & Leadership Certificate Info Session
Tue, 02/18/2025 - 12:00 to 14:00 - Campus Orchard
Tue, 02/18/2025 - 11:00 to 11:30 - Best You, Best Future Info Session
Fri, 02/14/2025 - 10:00 to 15:00 - Senior Sweethearts - Valentine's Day at Park Merced
Fri, 02/14/2025 - 09:00 to 11:00 - Campus Garden
Thu, 02/13/2025 - 12:00 to 12:30 - Best You, Best Future Info Session
Wed, 02/12/2025 - 09:00 to Fri, 02/28/2025 - 17:00 - Read Across America: Book Drive
Tue, 02/11/2025 - 12:00 to 14:00 - Campus Orchard
Sat, 02/08/2025 - 10:00 to 12:00 - Campus Garden: Composting Workshop
Fri, 02/07/2025 - 09:00 to 11:00 - Campus Garden
Thu, 02/06/2025 - 16:30 to 18:00 - February PSAs 
Tue, 02/04/2025 - 12:00 to 14:00 - Campus Orchard
Fri, 01/31/2025 - 09:00 to 11:00 - Campus Garden
Sat, 01/25/2025 - 10:00 to 15:30 - Campus Orchard: Pruning Backyard Fruit Trees Workshop & Demo
Fri, 01/24/2025 - 11:00 to 14:00 - Thank You, First Responders!
Thu, 01/23/2025 - 11:00 to 14:00 - Thank You, First Responders! 
Wed, 01/22/2025 - 12:30 - USDA Food Distribution
Tue, 01/21/2025 - 16:00 to 19:00 - D St. Shelter Dinner
Mon, 01/20/2025 - 12:00 to 13:00 - MLK Day Mini Workshop
Mon, 01/20/2025 - 10:00 to 13:30 - MLK Committee Unity March and MLK Day Program
Mon, 01/20/2025 - 10:00 to 12:00 - Cards of Encouragement
Mon, 01/20/2025 - 10:00 to 11:00 - Park Merced Senior Living
Sat, 01/18/2025 - 10:00 - Stephan Gray Park Clean Up
Fri, 01/17/2025 - 12:30 - USDA Food Distribution
Tue, 12/24/2024 - 09:00 to Wed, 01/01/2025 - 17:00 - Winter Break - Office Closed
Fri, 12/13/2024 - 12:00 - HPEC Tutor Mentor Position Application Deadline
Fri, 12/13/2024 - 09:00 to 11:00 - Campus Garden
Wed, 12/11/2024 - 11:00 - Day 2: Snacks for Scholars
Tue, 12/10/2024 - 11:00 - Day 1: Snacks for Scholars
Fri, 12/06/2024 - 09:00 to 11:00 - Campus Garden
Thu, 12/05/2024 - 19:00 - Holiday Cards for Valley Crisis Center 
Tue, 12/03/2024 - 09:00 to 10:30 - Campus Garden
Wed, 11/27/2024 - 12:30 - USDA Food Distribution
Mon, 11/25/2024 - 08:00 - USDA Food Distribution
Fri, 11/22/2024 - 09:00 to 11:00 - Campus Garden
Thu, 11/21/2024 - 16:00 - Empty Bowl Project (Trivia Night)
Tue, 11/19/2024 - 09:00 to 10:30 - Campus Garden
Mon, 11/18/2024 - 09:00 to Mon, 12/02/2024 - 17:00 - Thanks For Giving
Mon, 11/18/2024 - 09:00 to Fri, 11/22/2024 - 17:00 - Hunger & Homelessness Awareness Week
Sun, 11/17/2024 - 09:00 - Field of Honor: Field Tear Down
Fri, 11/15/2024 - 12:30 - USDA Food Distribution
Fri, 11/15/2024 - 09:00 to 11:00 - Campus Garden
Thu, 11/14/2024 - 13:00 - USDA Food Bagging
Tue, 11/12/2024 - 21:00 to 22:30 - Campus Garden
Tue, 11/12/2024 - 18:30 - Words to the Wise
Sun, 11/10/2024 - 13:00 to Sat, 11/16/2024 - 18:00 - Field of Honor
Sat, 11/09/2024 - 10:00 - Field of Honor: Flag Set Up & Community Support
Sat, 11/09/2024 - 10:00 - Day of Service at Applegate Park
Fri, 11/08/2024 - 17:00 to 19:00 - Hygiene Kits for the Unhoused
Fri, 11/08/2024 - 09:00 to 11:00 - Campus Garden
Fri, 11/08/2024 - 07:30 - Field of Honor: Field Set Up
Tue, 11/05/2024 - 16:00 to 17:30 - November PSAs
Tue, 11/05/2024 - 09:00 to 10:30 - Campus Garden
Fri, 11/01/2024 - 11:00 to Fri, 11/29/2024 - 00:00 - Public Meal for Families (Philanthropy Initiative)
Fri, 11/01/2024 - 09:00 to 11:00 - Campus Garden
Wed, 10/30/2024 - 14:30 to 19:00 - Fremont Elementary Fall Festival
Tue, 10/29/2024 - 09:00 to 10:30 - Campus Garden
Sat, 10/26/2024 - 08:00 - Field of Honor: Flag Building and Flag Inspection
Fri, 10/25/2024 - 17:30 to 21:30 - Halloween Dance Party
Fri, 10/25/2024 - 09:00 to 11:00 - Campus Garden
Wed, 10/23/2024 - 12:30 - USDA Food Distribution
Tue, 10/22/2024 - 13:00 - USDA Food Bagging
Tue, 10/22/2024 - 09:00 to 10:30 - Campus Garden
Sat, 10/19/2024 - 11:00 - Merced County Pridefest 2024 
Sat, 10/19/2024 - 10:00 to 17:00 - Merced County Nut Festival
Fri, 10/18/2024 - 10:00 - USDA Food Distribution
Fri, 10/18/2024 - 09:00 to 11:00 - Campus Garden
Thu, 10/17/2024 - 10:00 - USDA Food Bagging
Tue, 10/15/2024 - 09:00 to 10:30 - Campus Garden
Mon, 10/14/2024 - 17:00 to 18:30 - Candidates & Conversations
Sat, 10/12/2024 - 17:00 - Nightmare on Elm Street
Fri, 10/11/2024 - 09:00 to 11:00 - Campus Garden
Tue, 10/08/2024 - 16:30 to 18:00 - October PSAs
Tue, 10/08/2024 - 09:00 to 10:30 - Campus Garden
Sat, 10/05/2024 - 08:00 - Walk to end Alzheimer's
Fri, 10/04/2024 - 09:00 to 11:00 - Campus Garden
Tue, 10/01/2024 - 09:00 to 10:30 - Campus Garden
Sun, 09/29/2024 - 06:30 - Yosemite Facelift
Sat, 09/28/2024 - 10:00 to 12:00 - Central Valley Heart & Stroke Walk
Sat, 09/28/2024 - 09:00 - Fahrens Park Clean-up
Sat, 09/28/2024 - 06:30 to 12:00 - Central Valley Heart & Stroke Walk
Fri, 09/27/2024 - 12:00 to 15:00 - Central Valley Heart & Stroke Walk
Fri, 09/27/2024 - 09:00 to 11:00 - Campus Garden
Wed, 09/25/2024 - 16:00 to 20:45 - Kind Neighbor Farmers Market
Wed, 09/25/2024 - 12:30 to 15:00 - USDA Food Distribution
Tue, 09/24/2024 - 09:00 to 22:30 - Campus Garden
Fri, 09/20/2024 - 12:30 to 15:00 - USDA Food Distribution
Fri, 09/20/2024 - 09:00 - Yosemite Facelift Registration (in-person)
Fri, 09/20/2024 - 09:00 to 11:00 - Campus Garden
Wed, 09/18/2024 - 16:00 to 20:45 - Kind Neighbor Farmers Market
Wed, 09/18/2024 - 10:00 to 14:00 - Community Partner Jamboree
Tue, 09/17/2024 - 09:00 to 10:30 - Campus Garden
Sat, 09/14/2024 - 10:00 to 12:00 - Joe Herb Park Clean- Up
Fri, 09/13/2024 - 13:00 to 14:00 - Best You, Best Future Info Session
Fri, 09/13/2024 - 10:00 to 11:00 - Best You, Best Future Info Session
Fri, 09/13/2024 - 09:30 to 10:30 - Lift While You Lead Info Session
Fri, 09/13/2024 - 09:00 to 11:00 - Campus Garden
Thu, 09/12/2024 - 14:30 to 15:30 - Best You, Best Future Info Session
Thu, 09/12/2024 - 12:30 to 13:30 - Lift While You Lead Info Session
Wed, 09/11/2024 - 16:00 - Public Service Announcements (CEC) 
Tue, 09/10/2024 - 14:30 to 15:30 - Lift While You Lead Info Session
Tue, 09/10/2024 - 09:00 to 10:30 - Campus Garden
Mon, 09/09/2024 - 11:00 to 12:00 - Lift While You Lead Info Session
Thu, 09/05/2024 - 10:00 to 14:00 - Back to School Open House
Wed, 09/04/2024 - 16:00 to 20:45 -  Kind Neighbor Farmers Market
Tue, 08/27/2024 - 08:00 to 12:00 - The GEO Reentry Job fair
Fri, 08/23/2024 - 09:00 - Community Partner Jamboree Info Session
Fri, 08/23/2024 - 09:00 - Community Partner Jamboree Info Session
Wed, 08/21/2024 - 16:00 to 20:45 - Kind Neighbor Farmers Market
Wed, 08/21/2024 - 15:00 - Community Partner Jamboree Info Session
Wed, 08/21/2024 - 15:00 - Community Partner Jamboree Info Session 
Tue, 08/20/2024 - 12:00 - Community Partner Jamboree Info Session
Tue, 08/20/2024 - 11:00 - Community Partner Jamboree Info Session 
Fri, 08/09/2024 - 15:00 to 16:00 - Bright Spark Info Session (In Person)
Thu, 08/08/2024 - 15:00 to 16:00 - Bright Spark Info Session (Zoom)
Wed, 08/07/2024 - 16:00 to 20:45 - Kind Neighbor Farmers Market
Tue, 08/06/2024 - 10:00 to 11:00 - Bright Spark Info Session (Zoom)
Mon, 08/05/2024 - 10:00 to 11:00 - Bright Spark Info Session (Zoom)
Wed, 07/24/2024 - 16:00 to 20:45 - Kind Neighbor Farmers Market
Wed, 07/10/2024 - 16:00 to 20:45 - Kind Neighbor Farmers Market
Mon, 06/10/2024 - 09:00 to Fri, 08/02/2024 - 17:00 - Kids Discovery Station Summer Camp
Sat, 04/27/2024 - 11:00 to 14:00 - Autism Awareness Carnival
Fri, 04/26/2024 - 16:30 to 21:00 - A Positive Place for Kids - Service Event
Mon, 04/22/2024 - 08:00 to 12:00 - Caltrans Clean Up
Sun, 04/21/2024 - 08:00 to 12:00 - Caltrans Clean Up
Sat, 04/20/2024 - 08:30 to 12:00 - Applegate Park Clean Up
Sat, 04/20/2024 - 08:00 to 12:00 - Caltrans Clean Up
Fri, 04/19/2024 - 08:00 to 12:00 - Caltrans Clean Up
Wed, 04/17/2024 - 10:15 - Lake Yosemite Clean-up 
Fri, 04/12/2024 - 08:45 to 14:00 - Leave a Legacy 
Wed, 04/10/2024 - 17:00 to 19:30 - Young Engineers Academy
Wed, 04/10/2024 - 16:00 to 17:00 - April PSA
Sat, 04/06/2024 - 08:30 - Leave a Legacy Training
Sat, 04/06/2024 - 08:00 to 16:00 - Week of the Young Child
Wed, 04/03/2024 - 17:30 to 19:30 - Young Engineers Academy
Wed, 03/27/2024 - 17:30 to 19:30 - Young Engineers Academy
Sat, 03/23/2024 - 09:00 to 11:30 - South Merced Clean Up
Wed, 03/20/2024 - 17:30 to 19:30 - Young Engineers Academy
Sat, 03/16/2024 - 09:00 - Bobcats Give Back 2024
Wed, 03/13/2024 - 17:30 to 19:30 - Young Engineers Academy
Tue, 03/12/2024 - 14:00 to 16:00 - Best You Best Future: Info Sessions
Sat, 03/09/2024 - 09:00 to 11:30 - South Merced Clean-Up with Mayor Serratto
Thu, 03/07/2024 - 14:00 to 16:00 - Best You Best Future: Info Sessions
Wed, 03/06/2024 - 17:30 to 19:30 - Young Engineers Academy
Wed, 03/06/2024 - 17:00 to 18:00 - March PSA's
Fri, 03/01/2024 - 09:00 to 11:30 - UC Merced Campus Garden
Wed, 02/28/2024 - 17:30 to 19:30 - Young Engineers Academy
Sat, 02/24/2024 - 09:00 to 14:00 - Merced Facelift
Fri, 02/23/2024 - 09:00 to 11:30 - UC Merced Campus Garden
Wed, 02/21/2024 - 17:30 to 19:30 - Young Engineers Academy
Wed, 02/21/2024 - 13:00 to 15:00 - Best You Best Future: Info Sessions
Tue, 02/20/2024 - 10:00 to 12:00 - Best You Best Future: Info Session
Fri, 02/16/2024 - 09:00 to 12:00 - USDA Food Distribution
Fri, 02/16/2024 - 09:00 to 11:30 - UC Merced Campus Garden
Thu, 02/15/2024 - 13:00 to 15:00 - Best You Best Future: Info Sessions
Wed, 02/14/2024 - 17:30 to 19:30 - Young Engineers Academy
Tue, 02/13/2024 - 18:00 to 20:00 - Public Service Announcements 
Fri, 02/09/2024 - 14:00 to 16:00 - Best You, Best Future Training Session
Thu, 02/08/2024 - 13:30 to 16:00 - Cards of Encouragement
Wed, 02/07/2024 - 17:30 to 19:30 - Young Engineers Academy
Fri, 02/02/2024 - 11:00 to 13:00 - Best You, Best Future Training Session
Tue, 01/30/2024 - 13:00 to 16:00 - Cards of Encouragement Service Event
Mon, 01/29/2024 - 13:00 to 16:00 - Cards of Encouragement Service Event
Fri, 01/26/2024 - 13:00 to 14:00 - LWYL Info Session
Thu, 01/25/2024 - 11:00 to 12:00 - LWYL Info Sessions
Tue, 01/23/2024 - 15:00 to 16:00 - LWYL Info session
Mon, 01/22/2024 - 16:00 to 17:00 - LWYL Info sessions
Fri, 01/19/2024 - 09:00 to 12:00 - USDA Food Distribution
Mon, 01/15/2024 - 17:00 to 20:00 - D St. Shelter Diner
Mon, 01/15/2024 - 10:00 to 15:00 - Cards of Encouragement
Mon, 01/15/2024 - 10:00 to 12:00 - Merced City Parade - MLK
Mon, 01/15/2024 - 10:00 to 15:00 - Painting Flattened Oak Leaves - Yosemite National Park
Mon, 12/18/2023 - 08:00 to Thu, 01/04/2024 - 08:00 - CEC Office Closed
Fri, 12/15/2023 - 17:30 - CatLife Hour Submission Deadline
Wed, 12/06/2023 - 11:30 to 13:30 - Snacks For Scholars
Tue, 12/05/2023 - 11:30 to 13:30 - Snacks For Scholars
Mon, 11/20/2023 - 08:00 to Fri, 11/24/2023 - 17:00 - Meals For Families
Sat, 11/18/2023 - 08:30 to 11:00 - Applegate Park Clean-up
Sun, 11/12/2023 - 12:00 to 18:00 - Field Of Honor
Sat, 11/11/2023 - 12:00 to 18:00 - Field Of Honor
Fri, 11/10/2023 - 12:00 to 18:00 - Field Of Honor
Thu, 11/09/2023 - 16:30 to 18:30 - Words to the Wise: Service Event
Thu, 11/09/2023 - 14:00 to 15:30 - November PSA's
Thu, 11/09/2023 - 12:00 to 18:00 - Field Of Honor
Wed, 11/08/2023 - 12:00 to 18:00 - Field Of Honor
Tue, 11/07/2023 - 16:30 to 18:30 - Words to the Wise: Service Opportunity
Tue, 11/07/2023 - 12:00 to 18:00 - Field Of Honor
Mon, 11/06/2023 - 12:00 to 18:00 - Field Of Honor
Sun, 11/05/2023 - 12:00 to 18:00 - Field Of Honor
Sat, 11/04/2023 - 12:00 to 18:00 - Field Of Honor
Fri, 11/03/2023 - 09:00 to 13:00 - Field Of Honor
Fri, 11/03/2023 - 08:00 - Restorative Justice League Conference: Creekside Junior High
Mon, 10/30/2023 - 18:30 - MCCAA: Dinner Night Volunteer
Sun, 10/29/2023 - 18:30 - MCCAA: Dinner Night Volunteer
Sun, 10/29/2023 - 17:00 to 20:00 - Zoo Boo Sunday
Sat, 10/28/2023 - 18:30 - MCCAA: Dinner Night Volunteer
Sat, 10/28/2023 - 17:00 to 20:00 - Zoo Boo Saturday
Sat, 10/28/2023 - 06:30 to 14:00 - Toloma 5K Run 
Fri, 10/27/2023 - 18:30 - MCCAA: Dinner Night Volunteer
Fri, 10/27/2023 - 17:30 to Sat, 10/28/2023 - 22:00 - The Harvest Festival
Fri, 10/27/2023 - 17:00 to 20:00 - Zoo Boo Friday
Fri, 10/27/2023 - 16:00 to 21:30 - 2023 Special Needs Halloween Dance/Party
Fri, 10/27/2023 - 16:00 to 20:00 - Fremont Elementary - Halloween Carnival
Thu, 10/26/2023 - 18:30 - MCCAA: Dinner Night Volunteer
Wed, 10/25/2023 - 18:30 - MCCAA: Dinner Night Volunteer
Tue, 10/24/2023 - 18:30 - MCCAA: Dinner Night Volunteer
Sun, 10/22/2023 - 12:00 to 18:00 - 2nd Annual Zombie Ride
Tue, 10/17/2023 - 16:30 - Hunger and Homelessness Awareness Week Call for Collaboration - Info Session 
Wed, 10/11/2023 - 16:00 to 17:30 - PSAs with CEC
Fri, 10/06/2023 - 08:00 to 15:00 - Restorative Justice League; Los Banos Junior High
Sat, 09/30/2023 - 08:00 to 12:00 - Fahrens Park Clean Up
Sat, 09/23/2023 - 08:00 to 17:00 - Yosemite Facelift: Fall 2023
Fri, 09/22/2023 - 09:00 - Yosemite Lake Cleanup
Wed, 09/13/2023 - 10:00 to 14:00 - Community Partner Jamboree - Fall 2023
Fri, 09/08/2023 - 10:00 to 14:00 - HPEC Mandatory Info session
Fri, 09/08/2023 - 09:00 to Sun, 09/10/2023 - 17:00 - Merced County PrideFest Weekend
Wed, 09/06/2023 - 18:00 - PSAs with CEC 
Tue, 09/05/2023 - 15:00 to 16:00 - Lift While You Lead Info Session
Fri, 09/01/2023 - 10:30 to 11:30 - Lift While You Lead Info Session
Wed, 08/30/2023 - 16:00 to 17:00 - Lift While You Lead Info Session
Fri, 08/18/2023 - 09:00 - USDA Food Distribution
Fri, 08/11/2023 - 09:00 to 10:30 - Campus Garden Volunteering
Fri, 08/04/2023 - 09:00 to 10:30 - Campus Garden Volunteering
Fri, 07/28/2023 - 09:00 to 10:30 - Campus Garden Volunteering
Fri, 07/21/2023 - 09:00 - USDA Food Distribution
Fri, 07/21/2023 - 09:00 to 10:30 - Campus Garden Volunteering
Fri, 07/14/2023 - 09:00 to 10:30 - Campus Garden Volunteering
Fri, 07/07/2023 - 09:00 to 10:30 - Campus Garden Volunteering
Fri, 06/30/2023 - 10:00 to Tue, 07/04/2023 - 22:00 - Playhouse Merced: Fireworks Fundraiser 
Fri, 06/30/2023 - 09:00 to 10:30 - Campus Garden Volunteering
Mon, 06/26/2023 - 09:00 to Thu, 08/03/2023 - 17:00 - HPEC Summer Academy
Fri, 06/23/2023 - 09:00 to 10:30 - Campus Garden Volunteering
Mon, 06/19/2023 - 09:00 to Fri, 08/18/2023 - 17:00 - CollegeCorps at UC Merced: Fellows Waitlist Application Open!
Sat, 06/17/2023 - 08:00 to 12:00 - Play Adventures: Work Day
Fri, 06/16/2023 - 09:00 - USDA Food Distribution
Fri, 06/16/2023 - 09:00 to 10:30 - Campus Garden Volunteering
Thu, 06/15/2023 - 09:00 to Fri, 06/30/2023 - 23:45 - CovEd Team Applications
Sat, 06/10/2023 - 08:00 to 12:00 - Merced Community Clean Up Day
Fri, 06/09/2023 - 09:00 to 10:30 - Campus Garden Volunteering
Fri, 06/02/2023 - 09:00 to 10:30 - Campus Garden Volunteering
Fri, 05/26/2023 - 09:00 to 10:30 - Campus Garden Volunteering
Fri, 05/19/2023 - 09:00 - USDA Food Distribution
Fri, 05/19/2023 - 09:00 to 10:30 - Campus Garden Volunteering
Fri, 05/12/2023 - 09:00 to 10:30 - Campus Garden Volunteering
Sat, 05/06/2023 - 17:30 to 22:00 - El Capitan Baseball Diamond Club Charity Event (Volunteers Needed!)
Sat, 05/06/2023 - 09:00 to 11:00 - Joe Herb Park Clean-Up
Fri, 05/05/2023 - 09:00 to 10:30 - Campus Garden Volunteering
Sat, 04/29/2023 - 09:00 to 14:00 - Tour Guide for Local Youth (with the Black Alliance)
Fri, 04/28/2023 - 09:00 to 10:30 - Campus Garden Volunteering
Sat, 04/22/2023 - 08:00 to 14:00 - Bobcat Day (2023)
Fri, 04/21/2023 - 09:00 to 13:00 - Springing Into Service (Earth Day Clean-Up)
Fri, 04/21/2023 - 09:00 to 10:30 - Campus Garden Volunteering
Fri, 04/21/2023 - 09:00 to 13:00 - USDA Food Distribution
Thu, 04/20/2023 - 09:30 to 12:00 - Clean-Up Lake Road (with the UC Merced Police Department)
Fri, 04/14/2023 - 11:00 - Public Service Announcements (End-of-Year Celebration)
Fri, 04/14/2023 - 09:00 to 10:30 - Campus Garden Volunteering
Mon, 04/10/2023 - 11:00 to 15:00 - Pride Week: Chalk and Walk Tabling
Mon, 04/10/2023 - 10:00 to 14:00 - UC Merced National Public Health Week: CommUNITY Table Talks
Sun, 04/09/2023 - 16:00 - Global Game Jam
Sat, 04/08/2023 - 16:00 - Global Game Jam
Fri, 04/07/2023 - 16:00 - Global Game Jam
Fri, 04/07/2023 - 12:00 - 2023 UC Merced Student Leadership Awards: DEADLINE
Fri, 04/07/2023 - 09:00 to 10:30 - Campus Garden Volunteering
Mon, 04/03/2023 - 09:00 - Junior Giants Coaching: Volunteer Applications Open
Sat, 04/01/2023 - 08:00 to 12:00 - Livingston Color Run
Sat, 03/25/2023 - 09:00 to 15:00 - Love on Planada (Community Clean-Up)
Fri, 03/24/2023 - 10:00 - CollegeCorps Info Session (Zoom)
Fri, 03/24/2023 - 09:00 to 10:30 - Campus Garden Volunteering
Fri, 03/24/2023 - 08:00 to 14:30 - Day of Discovery (On-Campus Service Opportunity)
Thu, 03/23/2023 - 15:00 - CollegeCorps Info Sessions (COB 114)
Wed, 03/22/2023 - 17:00 - CollegeCorps Info Session (Zoom)
Mon, 03/20/2023 - 09:00 to Fri, 04/07/2023 - 12:00 - 2023 UC Merced Student Leadership Awards: Nominations Open
Sat, 03/18/2023 - 09:30 to 11:30 - Bobcats Give Back: Day of Service 
Fri, 03/17/2023 - 14:00 - CollegeCorps Info Session (Zoom)
Fri, 03/17/2023 - 11:00 - CollegeCorps Info Session (Granite Pass 103)
Fri, 03/17/2023 - 09:00 to 10:30 - Campus Garden Volunteering
Fri, 03/17/2023 - 09:00 to 13:00 - USDA Food Distribution
Thu, 03/16/2023 - 16:00 - CollegeCorps Info Session (Zoom)
Sat, 03/11/2023 - 08:00 to 12:00 - McNamara Park Clean Up
Fri, 03/10/2023 - 09:00 to 10:30 - Campus Garden Volunteering
Thu, 03/09/2023 - 16:30 to 18:00 - Public Service Announcements
Mon, 03/06/2023 - 15:00 - Public Service & Leadership Certificate: Info Session (Zoom)
Fri, 03/03/2023 - 09:00 to 10:30 - Campus Garden Volunteering
Thu, 03/02/2023 - 11:00 - Public Service & Leadership Certificate: Info Session (In-Person)
Fri, 02/24/2023 - 09:00 to 10:30 - Campus Garden Volunteering
Sat, 02/18/2023 - 09:00 to 15:00 - MLK Day of Service
Fri, 02/17/2023 - 09:00 to 13:00 - USDA Food Distribution
Thu, 02/16/2023 - 16:30 to 19:30 - D Street Shelter: Dinner Preparation
Fri, 02/10/2023 - 13:30 - Valentine's Day: Cards to Seniors
Thu, 02/09/2023 - 16:30 to 18:00 - Public Service Announcements
Sat, 02/04/2023 - 08:00 to 16:00 - Planada En Acción
Fri, 02/03/2023 - 15:00 to Sun, 02/05/2023 - 17:00 - Global Game Jam
Fri, 02/03/2023 - 10:00 to 11:00 - CANCELLED - Lift While You Lead (10AM, Zoom)
Fri, 02/03/2023 - 08:00 to 16:00 - Planada En Acción
Thu, 02/02/2023 - 14:00 to 17:00 - National Wetlands Day Clean-Up 
Thu, 02/02/2023 - 13:00 to 14:00 - CANCELLED - Lift While You Lead Info Session (1PM, Granite 172) 
Thu, 02/02/2023 - 08:00 to 16:00 - Planada En Acción
Wed, 02/01/2023 - 13:00 to 14:00 - Lift While You Lead (1PM, Granite 172)
Wed, 02/01/2023 - 11:00 to 12:00 - Lift While You Lead Info Session (11AM, Zoom)
Mon, 01/30/2023 - 13:00 to 14:00 - Lift While You Lead Info Session (1PM, Granite 172)
Sat, 01/28/2023 - 09:00 to 12:00 - Flood Damage Restoration
Fri, 01/27/2023 - 11:00 to 12:00 - Lift While You Lead (11AM, Zoom)
Thu, 01/26/2023 - 15:00 to 16:00 - Lift While You Lead (3PM, KL 190)
Wed, 01/25/2023 - 14:00 to 15:00 - Lift While You Lead Info Session (2PM, KL 190)
Fri, 01/20/2023 - 09:00 to 13:00 - USDA Food Distribution
Mon, 01/16/2023 - 17:00 - MLK Day of Service
Sat, 12/31/2022 - 11:00 to 16:00 - MLK: Community Fundraiser - New Year's Game Day
Fri, 12/16/2022 - 09:00 to 13:00 - USDA Food Distribution
Sat, 12/10/2022 - 08:00 - Applegate Park Cleanup
Fri, 12/09/2022 - 23:45 - The CatLife Challenge: Closes at 11:59PM
Fri, 12/02/2022 - 14:00 to 17:00 - Words to the Wise
Wed, 11/30/2022 - 16:00 to 17:30 - Public Service Announcements (Earn a Service Hour!)
Sat, 11/19/2022 - 09:00 to 12:00 - McConnell State Park Clean-Up
Fri, 11/18/2022 - 15:00 to 18:00 - HHA Week: Open House - Community Initiatives for Collective Impact (Ci4Ci)
Fri, 11/18/2022 - 11:00 - HHAW: Call to Action (Instagram)
Fri, 11/18/2022 - 09:00 to 11:00 - UC Merced Campus Garden Volunteering
Fri, 11/18/2022 - 09:00 to 12:00 - HHAW: USDA Food Distribution
Thu, 11/17/2022 - 18:00 to 19:00 - HHAW: Trivia Night
Wed, 11/16/2022 - 08:00 - HHAW: Service Highlight Post
Tue, 11/15/2022 - 08:00 - HHAW: Infographic & Quiz Polls (Instagram)
Mon, 11/14/2022 - 12:00 to 14:00 - HHAW: Food Drive Launch
Mon, 11/14/2022 - 12:00 to 14:00 - HHA Week Kick-Off (RCO Tabling)
Mon, 11/14/2022 - 09:00 to Fri, 11/18/2022 - 17:00 - National Hunger and Homelessness Awareness Week
Sat, 11/12/2022 - 09:00 - 62nd Central California Band Review 
Fri, 11/11/2022 - 09:00 to 11:00 - UC Merced Campus Garden Volunteering
Mon, 11/07/2022 - 23:45 - HHA Week Kick-Off (RCO Sign-Up DEADLINE!) 
Sat, 11/05/2022 - 09:00 to 11:00 - Campus Garden Volunteering
Fri, 11/04/2022 - 09:00 - McConnell State Park Clean-Up Registration (KL 190 ONLY!)
Sun, 10/30/2022 - 17:30 to 21:30 - Zpooky Nights
Sat, 10/29/2022 - 17:30 to 21:30 - Zpooky Nights
Sat, 10/29/2022 - 15:00 to 17:00 - Trick or Treat Street
Fri, 10/28/2022 - 17:00 to 21:30 - Special Needs Halloween Dance/Party
Fri, 10/28/2022 - 15:30 to 20:30 - Tiny Tots Halloween Party
Sat, 10/22/2022 - 16:00 to 21:00 - Halloween Street Bash
Fri, 10/21/2022 - 10:00 to 14:00 - USDA Food Distribution
Wed, 10/19/2022 - 16:00 - Public Service Announcements (Earn a Service Hour!)
Sat, 10/08/2022 - 08:00 - Fahrens Park Cleanup 
Fri, 10/07/2022 - 17:00 to 21:00 - Black Renaissance: Tabling
Fri, 10/07/2022 - 14:00 - Lift While You Lead (Zoom)
Fri, 10/07/2022 - 08:00 to 17:00 - Restorative Justice League Conference
Tue, 10/04/2022 - 14:00 - Lift While You Lead Info Session (Zoom)
Sat, 10/01/2022 - 09:00 to 15:00 - Restorative Justice League Conference Training (Off-Campus)
Fri, 09/30/2022 - 14:00 - Lift While You Lead Info Session (Zoom)
Thu, 09/29/2022 - 16:00 - Lift While You Lead Info Session (Zoom)
Wed, 09/28/2022 - 16:00 - Lift While You Lead Info Session (Zoom)
Tue, 09/27/2022 - 16:00 to 19:00 - Restorative Justice League Conference Training (On-Campus)
Sat, 09/24/2022 - 07:00 to 18:00 - Yosemite Facelift
Fri, 09/23/2022 - 12:00 - Lift While You Lead: Info Session (Zoom)
Fri, 09/23/2022 - 10:00 - Lift While You Lead: Info Session (On-Campus)
Wed, 09/21/2022 - 10:00 to 14:00 - Community Partner Jamboree
Fri, 09/16/2022 - 10:00 - Public Service Announcements
Thu, 09/15/2022 - 17:00 - Public Service Announcements
Wed, 09/07/2022 - 16:30 to 17:30 - AVID Initial Training Session
Tue, 08/30/2022 - 15:30 to 16:30 - Community Partner Jamboree
Sun, 08/28/2022 - 08:30 to 16:00 - CollegeCorps Pre-Service Orientation 
Sat, 08/27/2022 - 08:30 to 16:00 - CollegeCorps Pre-Service Orientation 
Fri, 08/26/2022 - 16:00 to 20:00 - CollegeCorps Pre-Service Orientation 
Mon, 08/22/2022 - 18:00 - Vision Boards and Volunteering
Fri, 08/19/2022 - 09:00 to 13:00 - USDA Food Distribution Volunteering (Aug 2022)
Wed, 08/17/2022 - 16:00 to 17:00 - Community Partner Jamboree
Tue, 08/09/2022 - 16:00 to 16:30 - Community Partner Jamboree: Info Session
Fri, 07/29/2022 - 10:00 to 10:30 - Community Partner Jamboree: Info Session
Fri, 07/15/2022 - 09:00 to 13:00 - USDA Food Distribution Volunteering (July 2022)
Fri, 06/17/2022 - 09:00 to 13:00 - USDA Food Distribution Volunteering (June 2022)
Fri, 05/20/2022 - 09:00 to 13:00 - USDA Food Distribution Volunteering (May 2022)
Thu, 05/05/2022 - 15:30 - CollegeCorps Info Session (Virtual)
Wed, 05/04/2022 - 12:30 - Snacks for Scholars
Tue, 05/03/2022 - 12:30 - Snacks for Scholars
Thu, 04/28/2022 - 15:30 - CollegeCorps Info Session (Virtual)
Mon, 04/25/2022 - 15:45 to Fri, 04/29/2022 - 17:30 - Literacy Week with Merced Boys and Girls Club
Thu, 04/21/2022 - 15:30 - CollegeCorps Info Session (Virtual)
Tue, 04/19/2022 - 17:00 to 18:00 - Virtual Service Talks (In-Person & Remote)
Fri, 04/15/2022 - 09:00 to 13:00 - USDA Food Distribution Volunteering (April 2022)
Thu, 04/14/2022 - 15:30 - CollegeCorps Info Session (Virtual)
Sun, 04/10/2022 - 11:00 to Fri, 04/15/2022 - 16:00 - Community Food Drive: AmeriCorps Spring Project
Sat, 04/09/2022 - 10:00 to 15:00 - Family Fitness Fair
Thu, 04/07/2022 - 16:30 - CollegeCorps Info Session (Virtual)
Thu, 04/07/2022 - 15:30 - CollegeCorps Info Session (Virtual)
Fri, 04/01/2022 - 15:00 - CollegeCorps Info Session (Virtual)
Fri, 04/01/2022 - 13:00 - CollegeCorps Info Session (Virtual)
Mon, 03/21/2022 - 09:00 to Fri, 04/01/2022 - 17:00 - Plastic Bag Donations: AmeriCorps Spring Project
Fri, 03/18/2022 - 09:00 to 13:00 - USDA Food Distribution Volunteering (March 2022)
Mon, 03/14/2022 - 14:00 - CollegeCorps: Info Session (Zoom)
Sat, 03/12/2022 - 09:30 to 11:30 - Philanthropy Month: Day of Service (Lake Yosemite)
Sat, 03/12/2022 - 08:30 to 12:00 - The Love Veasley Park Clean-Up (Merced Youth Council)
Thu, 03/10/2022 - 18:00 - CollegeCorps: Info Session (Zoom)
Thu, 03/10/2022 - 17:00 - CollegeCorps: Info Session (KL 169)
Thu, 03/10/2022 - 10:00 to 12:00 - Philanthropy Month: Plushies for Pals
Tue, 03/08/2022 - 17:00 to 18:00 - Virtual Service Talks (March 2022)
Tue, 03/08/2022 - 10:00 to 12:00 - Philanthropy Month: Plushies for Pals 
Fri, 03/04/2022 - 11:00 - CollegeCorps: Info Session (KL 169)
Thu, 02/24/2022 - 18:00 - CollegeCorps: Info Session (Remote)
Thu, 02/24/2022 - 17:30 - CollegeCorps: Info Session (KL 169)
Fri, 02/18/2022 - 09:00 to 13:00 - USDA Food Distribution Volunteering (Feb 2022)
Sat, 02/12/2022 - 08:00 - McNamara Park Clean Up
Tue, 02/08/2022 - 17:00 to 18:00 - Virtual Service Talks
Sat, 01/22/2022 - 08:30 to 12:00 - Community Park Clean-Up with Merced Youth Council 
Fri, 01/21/2022 - 09:00 to 13:00 - USDA Food Distribution Volunteering (Jan 2022)
Mon, 01/17/2022 - 15:00 to 16:30 - MLK Day of Service: Food on Foot
Mon, 01/17/2022 - 13:30 to 15:30 - MLK Day of Service: Virtual Opportunity Fair (Event)
Mon, 01/17/2022 - 12:00 to 14:00 - MLK Jr. Week: Main Program
Mon, 01/17/2022 - 11:00 - MLK Jr. Week: Peace March
Mon, 01/17/2022 - 10:30 to 12:45 - MLK Day of Service: Online Tutoring with L.A. Works & Step Up Tutoring
Mon, 01/17/2022 - 09:00 - MLK Day of Service: Writing Hope Into Our World
Sat, 01/15/2022 - 19:00 - MLK Jr. Week: Guest Speakers and Vigil
Sat, 01/15/2022 - 10:00 to 16:00 - MLK Jr. Week: Kids Day
Sat, 01/15/2022 - 09:00 to Mon, 01/17/2022 - 21:00 - MLK Jr. Week
Tue, 01/11/2022 - 18:00 to 19:00 - MLK Day of Service: Virtual Opportunity Fair (Training)
Fri, 12/17/2021 - 09:00 to 13:00 - USDA Food Distribution Volunteering (Dec 2021)
Wed, 12/08/2021 - 12:30 - Snacks for Scholars 
Tue, 12/07/2021 - 17:00 to 18:00 - Empty Bowl Project (Service Event)
Tue, 12/07/2021 - 12:30 - Snacks for Scholars
Mon, 12/06/2021 - 17:00 to 18:00 - Empty Bowl Project (Service Event)
Wed, 12/01/2021 - 10:00 to 16:00 - Empty Bowl Project (Service Event)
Tue, 11/30/2021 - 12:00 to 16:00 - Empty Bowl Project (Service Event)
Fri, 11/19/2021 - 17:30 to 18:30 - HHA Week: Kitastic Service Event
Fri, 11/19/2021 - 15:00 to 16:00 - HHA Week: "Leftovers" Discussion
Fri, 11/19/2021 - 09:00 to 13:00 - USDA Food Distribution Volunteering (Nov 2021)
Wed, 11/17/2021 - 18:00 to 19:00 - HHA Week: Trivia Night
Wed, 11/17/2021 - 11:00 to 15:00 - HHA Week: Wellness Wednesday
Tue, 11/16/2021 - 15:00 to 16:00 - HHA Week: "The Starfish Throwers" Discussion
Tue, 11/16/2021 - 09:00 to 11:45 - HHA Week: Inaugural Central Valley Higher Education Basic Needs Summit
Mon, 11/15/2021 - 11:00 to 14:00 - HHA Week: Kick-Off
Mon, 11/15/2021 - 09:00 to Fri, 11/19/2021 - 17:00 - HHA Week: Donation Drive
Sat, 11/13/2021 - 06:00 to 18:00 - Central California Band Review: Volunteering
Sat, 11/13/2021 - 00:00 to Sun, 11/21/2021 - 23:45 - National Hunger and Homelessness Awareness Week
Fri, 11/12/2021 - 12:00 to 20:00 - Central California Band Review: Volunteering
Wed, 11/10/2021 - 09:00 to 17:00 - Words to the Wise: Holiday Cards for Seniors
Tue, 11/09/2021 - 09:00 to 17:00 - Words to the Wise: Holiday Cards for Seniors
Fri, 10/29/2021 - 16:30 to 21:30 - Halloween Dance & Party
Fri, 10/29/2021 - 13:00 to 14:00 - Lift While You Lead (MANDATORY Training Session) 
Fri, 10/29/2021 - 10:30 to 11:00 - Merced County Project 10% Info Session (Virtual)
Thu, 10/28/2021 - 17:30 to Sat, 10/30/2021 - 21:30 - Zpooky Nights
Wed, 10/27/2021 - 16:00 to 16:30 - Merced County Project 10% Info Session (In-Person)
Wed, 10/27/2021 - 16:00 to 20:00 - Tiny Tots Halloween Pumpkin Party
Mon, 10/25/2021 - 11:00 to 13:00 - Integrity Week Tabling 
Sat, 10/23/2021 - 09:00 to 21:00 - Halloween Street Bash
Sat, 10/23/2021 - 09:00 - Make a Difference Day
Fri, 10/22/2021 - 13:30 to 14:30 - Lift While You Lead Training Session (Virtual)
Fri, 10/22/2021 - 11:00 to 12:00 - Lift While You Lead Training Session (In-Person)
Fri, 10/22/2021 - 10:00 to 12:00 - Clean-Up of Bellevue Rd. & Lake Rd. 
Fri, 10/15/2021 - 13:30 - Lift While You Lead Info Session (Virtual)
Fri, 10/15/2021 - 11:00 - Lift While You Lead Info Session (In-Person)
Fri, 10/15/2021 - 09:00 to 13:00 - USDA Food Distribution Volunteering (Oct 2021)
Sat, 10/09/2021 - 08:00 to 12:00 - Fahrens Park Clean-Up
Fri, 10/08/2021 - 23:45 - Rogers Mini Grant DUE
Wed, 10/06/2021 - 12:00 to 14:00 - Wellness Day: People's Fridge Tour
Wed, 10/06/2021 - 12:00 to 17:00 - Wellness Day: Basic Needs Resources
Wed, 10/06/2021 - 10:00 to 11:45 - Wellness Day: Yoga & Meditation with Recreation and Athletics
Wed, 10/06/2021 - 10:00 to 15:00 - Wellness Day: Comfort Cards with the CEC
Wed, 10/06/2021 - 10:00 - Wellness Day: Dean of Students Resources
Wed, 10/06/2021 - 10:00 to 15:00 - Wellness Day: Health Promotion Open House
Wed, 10/06/2021 - 10:00 - Wellness Day: CAPS & Health Services Resource Tabling
Fri, 10/01/2021 - 08:30 to 15:15 - Restorative Justice League Conference Day
Wed, 09/29/2021 - 15:00 - Restorative Justice League Conference Leader Training
Tue, 09/28/2021 - 17:30 to 18:00 - Diversity in Nature Areas
Thu, 09/23/2021 - 16:00 to 17:00 - Bobcat Online Homework Help Training
Wed, 09/22/2021 - 23:45 - Restorative Justice League Conference Present Applications Due
Tue, 09/21/2021 - 16:00 to 17:00 - Bobcat Online Homework Help Training
Tue, 09/21/2021 - 15:00 to 17:00 - Community Jamboree: Afternoon Session
Tue, 09/21/2021 - 10:00 to 12:00 - Community Jamboree: Morning Session
Mon, 09/20/2021 - 08:00 to Fri, 10/08/2021 - 23:45 - Rogers Mini Grant Application Open
Sat, 09/18/2021 - 16:00 to 19:00 - Music in the Park: Outdoor Resource Fair and Mobile Vaccine Clinic
Sat, 09/18/2021 - 09:00 to 16:00 - Restorative Justice League Conference Leader Training & Application Due Date
Fri, 09/17/2021 - 11:00 to 12:00 - Bobcat Online Homework Help Training
Fri, 09/17/2021 - 09:00 to 13:00 - USDA Food Distribution Volunteering (Sept 2021)
Thu, 09/16/2021 - 17:00 - Virtual Service Talks
Sat, 09/11/2021 - 11:00 to 12:00 - Virtual Service Talks
Wed, 09/08/2021 - 14:30 - Info Session: Restorative Justice League Conference 
Fri, 05/07/2021 - 11:00 to 11:30 - AmeriCorps Fellowship Info Session #8
Thu, 05/06/2021 - 15:00 to 15:30 - AmeriCorps Fellowship Info Session #7
Wed, 05/05/2021 - 15:00 to 15:30 - AmeriCorps Fellowship Info Session #6
Fri, 04/30/2021 - 11:00 to 11:30 - AmeriCorps Fellowship Info Session #5
Thu, 04/29/2021 - 15:00 to 15:30 - AmeriCorps Fellowship Info Session #4
Wed, 04/28/2021 - 15:00 to 15:30 - AmeriCorps Fellowship Info Session #3
Fri, 04/23/2021 - 11:00 to 11:30 - AmeriCorps Fellowship Info Session #2
Fri, 04/23/2021 - 10:00 to 11:00 - Virtual Service Talks: Community Service During COVID-19
Thu, 04/22/2021 - 15:00 to 15:30 - AmeriCorps Fellowship Info Session #1
Mon, 04/05/2021 - 14:00 to 15:00 - SWAG: Sharing Wisdom Across Generations
Wed, 03/31/2021 - 15:30 to 16:00 - RFK Young Leaders Information Session
Wed, 03/03/2021 - 15:00 to 16:00 - Virtual Service Talks: Community Service During COVID-19
Fri, 01/15/2021 - 10:00 to 14:00 - USDA Food Distribution - Jan 2021
Thu, 12/24/2020 - 00:00 to Sun, 01/03/2021 - 23:45 - The CEC is Closed for the Holidays
Fri, 12/18/2020 - 15:00 to 17:00 - A Home for the Holidays: Card & Toy Drop-Offs
Fri, 12/18/2020 - 10:00 to 14:00 - USDA Food Distribution - 12/2020
Wed, 12/16/2020 - 16:00 to 17:00 - A Home for the Holidays: Card & Toy Drop-Offs
Fri, 12/11/2020 - 16:00 to 17:00 - A Home for the Holidays: Card & Toy Drop-Offs
Thu, 12/10/2020 - 17:00 - Virtual Service Talks: Community Service During COVID-19
Wed, 12/09/2020 - 16:00 to 17:00 - A Home for the Holidays: Card & Toy Drop-Offs
Fri, 12/04/2020 - 16:00 to 17:00 - A Home for the Holidays: Card & Toy Drop-Offs
Fri, 12/04/2020 - 09:00 to 09:30 - A Home for the Holidays: Card & Toy Drop-Offs
Fri, 11/20/2020 - 16:00 - They Say It Can't Be Done: A Panel Discussion
Fri, 11/20/2020 - 10:00 to 14:00 - USDA Food Distribution - 11/2020
Mon, 11/16/2020 - 00:00 to Sat, 11/21/2020 - 23:45 - Sock & Coat Drive
Sun, 11/15/2020 - 00:00 to Sun, 11/22/2020 - 23:45 - Hunger and Homelessness Awareness Week
Mon, 11/02/2020 - 08:00 to Fri, 11/20/2020 - 18:00 - I Am Thankful Food Drive
Tue, 10/27/2020 - 18:30 to 19:30 - Candidate Conversations: Jim Costa - Congressional District 16 
Thu, 10/22/2020 - 15:00 to 16:00 - Community Service During COVID-19: Clubs & Orgs
Wed, 10/21/2020 - 18:30 to 19:30 - Candidate Conversations: Jesse Ornelas - MCC District 1
Thu, 10/15/2020 - 18:30 to 19:30 - Candidate Conversations: Joel Knox - MCC District 1
Wed, 10/14/2020 - 18:30 to 19:30 - Candidate Conversations: Bertha Perez - MCC District 3
Tue, 10/13/2020 - 18:30 to 19:30 - Candidate Conversations: Josh Pedrozo - MC Supervisor District 2
Thu, 10/08/2020 - 18:30 to 19:30 - Candidate Conversations: Anthony Martinez - Merced City Mayor
Wed, 10/07/2020 - 18:30 to 19:30 - Candidate Conversations: Kevin Cookingham - Congressional District 16
Tue, 10/06/2020 - 18:30 to 19:30 - Candidate Conversations: Lee Lor - MC Supervisor District 2
Thu, 10/01/2020 - 18:30 to 19:30 - Candidate Conversations: Matt Serratto - Merced City Mayor
Wed, 09/30/2020 - 18:30 to 19:30 - Candidate Conversations: Michael Belluomini - Merced City Mayor
Wed, 09/30/2020 - 14:00 - Virtual Service Talks: All Students
Tue, 09/29/2020 - 18:30 to 19:30 - Candidate Conversations: Allen Brooks - MCC District 3
Thu, 09/24/2020 - 18:30 to 19:30 - Candidate Conversations: Jeremy Martinez - MCC District 5
Tue, 09/22/2020 - 18:30 to 19:30 - Candidate Conversations: Sarah Boyle - MCC District 5
Fri, 09/18/2020 - 15:00 - Day 1: Lift While You Lead
Thu, 09/10/2020 - 15:00 to 16:00 - Virtual Service Talks
Tue, 09/08/2020 - 14:00 - Lift While You Lead Volunteer Orientation - Option 2
Fri, 09/04/2020 - 10:00 - Lift While You Lead Volunteer Orientation - Option 1
Wed, 08/26/2020 - 00:00 - Fall Instruction Begins
Wed, 08/19/2020 - 00:00 -  Fall Semester Begins
